x	y	class	name	color
154.1060606060606	27.363636363636363		neopla	16711680
40.450581395348834	95.96220930232558		necros	16776960
17.782874617737004	108.70030581039755		necros	16776960
76.80152671755725	123.42366412213741		necros	16776960
117.70588235294117	129.09907120743034		necros	16776960
7.568181818181818	152.7159090909091		necros	16776960
153.96153846153845	185.13942307692307		necros	16776960
203.33644859813083	193.0467289719626		necros	16776960
83.01538461538462	196.90384615384616		necros	16776960
