x	y	class	name	color
180.01342281879195	59.04026845637584		necros	16776960
73.6978021978022	72.46153846153847		inflam	65280
190.8721704394141	76.43675099866844		necros	16776960
4.072289156626506	134.53614457831324		necros	16776960
208.14723926380367	196.14110429447854		necros	16776960
204.5408163265306	214.03401360544217		necros	16776960
