x	y	class	name	color
201.08037825059102	114.19858156028369		necros	16776960
58.08441558441558	160.04545454545453		inflam	65280
