x	y	class	name	color
174.19607843137254	94.00980392156863		neopla	16711680
42.593548387096774	118.32903225806452		neopla	16711680
