x	y	class	name	color
217.7603305785124	184.97520661157026		necros	16776960
