x	y	class	name	color
22.021602160216023	115.998199819982		necros	16776960
203.7967032967033	137.30769230769232		necros	16776960
210.57142857142858	177.963133640553		necros	16776960
178.578125	218.0390625		neopla	16711680
