x	y	class	name	color
118.20276497695852	143.38709677419354		neopla	16711680
