x	y	class	name	color
211.8519313304721	18.38412017167382		necros	16776960
8.19704433497537	36.783251231527096		necros	16776960
75.53079710144928	47.29528985507247		necros	16776960
12.253424657534246	47.397260273972606		necros	16776960
118.29910714285714	79.22767857142857		necros	16776960
26.0199203187251	111.87649402390439		necros	16776960
77.33502538071066	183.88324873096445		necros	16776960
189.89375	197.78125		necros	16776960
