x	y	class	name	color
213.87301587301587	30.62962962962963		necros	16776960
119.61921708185054	186.74377224199287		necros	16776960
77.36842105263158	203.6578947368421		necros	16776960
96.30656934306569	205.68613138686132		necros	16776960
