x	y	class	name	color
196.14659685863873	3.4764397905759163		necros	16776960
