x	y	class	name	color
169.13333333333333	91.32		neopla	16711680
119.52631578947368	91.78947368421052		neopla	16711680
95.5	115.96363636363637		neopla	16711680
51.83969465648855	156.58778625954199		inflam	65280
137.26732673267327	169.03960396039605		neopla	16711680
40.31884057971014	171.28985507246378		inflam	65280
57.12562814070352	174.29145728643215		inflam	65280
15.987012987012987	185.7012987012987		neopla	16711680
