x	y	class	name	color
211.13740458015266	76.20610687022901		neopla	16711680
