x	y	class	name	color
63.94909090909091	4.843636363636364		necros	16776960
9.223350253807107	182.37055837563452		necros	16776960
180.14492753623188	186.42753623188406		neopla	16711680
22.529411764705884	189.42016806722688		necros	16776960
