x	y	class	name	color
23.43103448275862	4.198275862068965		necros	16776960
173.51162790697674	27.356589147286822		inflam	65280
171.53488372093022	39.17829457364341		inflam	65280
