x	y	class	name	color
41.869565217391305	37.88405797101449		neopla	16711680
172.26363636363635	57.845454545454544		neopla	16711680
209.26548672566372	75.87610619469027		neopla	16711680
126.22790697674418	203.46976744186045		neopla	16711680
