x	y	class	name	color
154.08333333333334	120.11363636363636		neopla	16711680
