x	y	class	name	color
11.670454545454547	29.522727272727273		neopla	16711680
35.141176470588235	149.54117647058823		neopla	16711680
