x	y	class	name	color
52.34051724137931	77.83620689655173		neopla	16711680
