x	y	class	name	color
187.46610169491527	63.83474576271186		necros	16776960
176.125	104.41666666666667		necros	16776960
155.8433734939759	212.2168674698795		necros	16776960
