x	y	class	name	color
110.58064516129032	11.251612903225807		necros	16776960
108.5223880597015	24.00497512437811		necros	16776960
187.4343891402715	109.28506787330316		neopla	16711680
