x	y	class	name	color
154.52631578947367	45.72932330827068		necros	16776960
81.05657237936772	57.11148086522462		necros	16776960
98.51948051948052	104.44155844155844		necros	16776960
29.634408602150536	134.1720430107527		necros	16776960
8.639705882352942	135.36029411764707		necros	16776960
4.875432525951557	155.2941176470588		necros	16776960
193.12244897959184	152.22448979591837		necros	16776960
149.28776978417267	154.4748201438849		necros	16776960
170.17438692098094	203.82561307901906		necros	16776960
