x	y	class	name	color
6.924444444444444	115.66222222222223		necros	16776960
212.15892420537898	133.90220048899755		necros	16776960
185.89201877934272	182.36150234741785		necros	16776960
