x	y	class	name	color
108.205078125	18.306640625		necros	16776960
14.304545454545455	79.55909090909091		necros	16776960
212.80582524271844	83.07281553398059		necros	16776960
130.7912087912088	135.14285714285714		necros	16776960
94.04941860465117	174.65988372093022		necros	16776960
85.83575883575884	197.84199584199584		necros	16776960
159.845	219.78		necros	16776960
