x	y	class	name	color
14.08355091383812	57.9869451697128		necros	16776960
213.0483870967742	64.0		necros	16776960
216.6890756302521	119.40336134453781		necros	16776960
79.60457516339869	176.32679738562092		necros	16776960
199.12037037037038	210.40277777777777		necros	16776960
