x	y	class	name	color
42.00806451612903	11.419354838709678		neopla	16711680
69.69333333333333	10.933333333333334		neopla	16711680
218.89256198347107	57.56198347107438		connec	255
200.6595744680851	148.59574468085106		neopla	16711680
15.174242424242424	216.29545454545453		connec	255
