x	y	class	name	color
18.452611218568663	16.41972920696325		necros	16776960
