x	y	class	name	color
201.06521739130434	8.18695652173913		inflam	65280
205.765625	45.0078125		inflam	65280
162.75757575757575	49.733333333333334		necros	16776960
175.1494252873563	46.98850574712644		necros	16776960
212.5686274509804	52.470588235294116		inflam	65280
155.79245283018867	73.39622641509433		necros	16776960
188.56737588652481	92.61702127659575		necros	16776960
64.79918032786885	205.25819672131146		neopla	16711680
