x	y	class	name	color
140.87978142076503	9.254098360655737		necros	16776960
108.91851851851852	31.464197530864197		necros	16776960
85.83870967741936	61.22043010752688		necros	16776960
143.71804511278197	67.8157894736842		necros	16776960
135.89322916666666	117.78645833333333		necros	16776960
82.95348837209302	131.47674418604652		inflam	65280
123.22033898305085	181.35593220338984		inflam	65280
197.70897832817337	184.21981424148606		necros	16776960
161.62944162436548	215.53299492385787		necros	16776960
