x	y	class	name	color
175.24675324675326	22.844155844155843		neopla	16711680
186.5645390070922	85.90070921985816		neopla	16711680
207.72234513274336	98.429203539823		neopla	16711680
41.4	111.17272727272727		neopla	16711680
41.984375	124.203125		neopla	16711680
