x	y	class	name	color
105.06989247311827	10.075268817204302		necros	16776960
121.83246073298429	11.801047120418849		necros	16776960
39.90188679245283	16.78867924528302		necros	16776960
124.32089552238806	86.28358208955224		necros	16776960
150.12682926829268	130.9390243902439		necros	16776960
134.02681992337165	142.97701149425288		necros	16776960
34.79111111111111	167.37777777777777		necros	16776960
110.85923217550274	195.09140767824496		necros	16776960
