x	y	class	name	color
211.6139896373057	51.222797927461144		necros	16776960
45.9811320754717	54.198113207547166		necros	16776960
169.81854838709677	129.02822580645162		inflam	65280
107.6523178807947	139.7814569536424		necros	16776960
140.45365853658535	208.6829268292683		necros	16776960
169.63235294117646	199.53676470588235		necros	16776960
