x	y	class	name	color
147.86524822695034	59.52482269503546		neopla	16711680
185.41379310344828	144.7192118226601		necros	16776960
181.06	167.57333333333332		necros	16776960
