x	y	class	name	color
30.33839479392625	67.75704989154013		necros	16776960
