x	y	class	name	color
216.78174603174602	214.64285714285714		connec	255
177.77450980392157	215.18627450980392		necros	16776960
