x	y	class	name	color
17.85185185185185	11.767195767195767		necros	16776960
20.111888111888113	86.11538461538461		necros	16776960
148.94736842105263	92.50877192982456		necros	16776960
213.55431754874652	128.00278551532034		necros	16776960
46.12682926829268	130.9390243902439		necros	16776960
30.026819923371647	142.97701149425288		necros	16776960
7.435546875	193.73046875		necros	16776960
