x	y	class	name	color
81.45180722891567	168.49397590361446		neopla	16711680
