x	y	class	name	color
13.763157894736842	97.74736842105263		inflam	65280
169.91414141414143	127.03787878787878		necros	16776960
212.59285714285716	215.70714285714286		inflam	65280
52.56716417910448	219.17910447761193		necros	16776960
