x	y	class	name	color
186.05442176870747	2.9523809523809526		connec	255
215.57857142857142	3.6214285714285714		connec	255
214.9368131868132	22.159340659340657		connec	255
