x	y	class	name	color
125.88268156424581	6.217877094972067		neopla	16711680
102.73684210526315	26.17105263157895		inflam	65280
54.116279069767444	34.6312292358804		inflam	65280
88.18074656188605	68.34577603143418		necros	16776960
12.602970297029703	96.87524752475247		necros	16776960
