x	y	class	name	color
44.390243902439025	5.060975609756097		necros	16776960
105.76199616122841	16.961612284069098		necros	16776960
36.04925053533191	27.430406852248392		necros	16776960
8.3001808318264	40.21699819168174		necros	16776960
24.02238805970149	51.88059701492537		necros	16776960
67.64604810996563	208.13058419243987		necros	16776960
76.98076923076923	220.42307692307693		necros	16776960
