x	y	class	name	color
90.14084507042253	137.00704225352112		necros	16776960
217.2112676056338	164.70422535211267		necros	16776960
215.10434782608695	175.37391304347827		necros	16776960
42.875	181.36413043478262		necros	16776960
130.24107142857142	182.65625		necros	16776960
97.83848797250859	190.96219931271477		necros	16776960
