x	y	class	name	color
75.28711256117455	180.53017944535074		neopla	16711680
130.32456140350877	218.85087719298247		neopla	16711680
