x	y	class	name	color
185.49689440993788	168.57142857142858		neopla	16711680
