x	y	class	name	color
183.55742296918768	50.44817927170868		necros	16776960
191.50588235294117	202.0529411764706		necros	16776960
205.07575757575756	217.86363636363637		necros	16776960
