x	y	class	name	color
216.57094594594594	112.70608108108108		necros	16776960
177.61068702290078	113.1526717557252		necros	16776960
