x	y	class	name	color
120.48936170212767	21.014729950900165		necros	16776960
107.42682926829268	47.58536585365854		necros	16776960
101.20774647887323	63.901408450704224		necros	16776960
49.52296819787986	77.41342756183745		necros	16776960
40.36904761904762	107.921768707483		necros	16776960
68.38509316770187	139.55900621118013		necros	16776960
51.443223443223445	178.14163614163613		necros	16776960
194.88477366255145	165.6954732510288		necros	16776960
184.484375	186.640625		necros	16776960
