x	y	class	name	color
194.33333333333334	5.558558558558558		necros	16776960
154.71621621621622	18.2027027027027		necros	16776960
142.92805755395685	46.06115107913669		necros	16776960
124.04607721046077	117.91033623910336		necros	16776960
107.46987951807229	151.5421686746988		necros	16776960
101.17667844522968	167.9363957597173		necros	16776960
44.54679144385027	197.80748663101605		necros	16776960
