x	y	class	name	color
107.21264367816092	81.3735632183908		neopla	16711680
