x	y	class	name	color
206.1818181818182	3.101010101010101		inflam	65280
185.01639344262296	27.672131147540984		necros	16776960
199.92543859649123	55.35526315789474		necros	16776960
195.66457023060798	187.8825995807128		necros	16776960
203.15270935960592	199.192118226601		necros	16776960
198.87671232876713	217.7945205479452		necros	16776960
