x	y	class	name	color
53.77894736842105	12.51578947368421		necros	16776960
86.23148148148148	78.63888888888889		neopla	16711680
8.668639053254438	159.96449704142012		necros	16776960
5.7272727272727275	206.125		necros	16776960
