x	y	class	name	color
92.68805309734513	182.81194690265488		neopla	16711680
