x	y	class	name	color
144.31182795698925	21.107526881720432		necros	16776960
101.53731343283582	49.992537313432834		necros	16776960
159.61739130434782	116.50434782608696		neopla	16711680
141.23529411764707	148.87058823529412		necros	16776960
59.20792079207921	197.75247524752476		neopla	16711680
