x	y	class	name	color
44.944	51.144		necros	16776960
191.65612648221344	198.3201581027668		necros	16776960
205.91129032258064	203.30645161290323		necros	16776960
