x	y	class	name	color
182.51162790697674	50.06976744186046		neopla	16711680
