x	y	class	name	color
15.101404056162247	81.16536661466459		necros	16776960
101.94117647058823	126.82745098039216		necros	16776960
