x	y	class	name	color
168.4624	37.944		necros	16776960
126.32067510548524	33.87763713080169		necros	16776960
89.47900763358778	43.33587786259542		connec	255
86.53191489361703	60.6436170212766		neopla	16711680
73.32	72.37333333333333		neopla	16711680
149.3460972017673	81.78350515463917		necros	16776960
57.69491525423729	103.42372881355932		neopla	16711680
