x	y	class	name	color
92.67032967032966	6.0989010989010985		neopla	16711680
