x	y	class	name	color
69.97524752475248	122.36633663366337		neopla	16711680
