x	y	class	name	color
9.778333333333334	84.365		necros	16776960
210.90510948905109	90.51824817518248		necros	16776960
201.46313799621927	111.73534971644612		necros	16776960
77.18082788671023	121.36383442265796		necros	16776960
93.58354114713217	188.01246882793018		necros	16776960
117.0034965034965	207.55594405594405		necros	16776960
