x	y	class	name	color
7.555555555555555	3.2037037037037037		connec	255
46.246231155778894	11.746231155778894		connec	255
8.55367231638418	23.649717514124294		connec	255
10.67741935483871	52.131182795698926		connec	255
94.74137931034483	220.41379310344828		connec	255
