x	y	class	name	color
87.67549668874172	25.88962472406181		necros	16776960
143.68934911242604	69.35502958579882		necros	16776960
92.84186046511628	97.95581395348837		necros	16776960
136.29113924050634	88.34177215189874		necros	16776960
130.16256157635468	100.38423645320196		necros	16776960
156.46031746031747	102.88888888888889		necros	16776960
128.55251141552512	154.45662100456622		necros	16776960
72.31724137931035	156.91724137931035		necros	16776960
58.973584905660374	184.19622641509434		necros	16776960
