x	y	class	name	color
154.1970802919708	185.72992700729927		neopla	16711680
205.09183673469389	198.64285714285714		necros	16776960
