x	y	class	name	color
220.24475524475525	21.937062937062937		necros	16776960
53.36274509803921	114.74019607843137		necros	16776960
202.87344913151364	211.65012406947892		necros	16776960
66.74295774647888	213.56338028169014		necros	16776960
