x	y	class	name	color
177.77297297297298	72.4972972972973		inflam	65280
99.88785046728972	140.73271028037382		necros	16776960
