x	y	class	name	color
15.34451219512195	106.44817073170732		neopla	16711680
26.943396226415096	190.76415094339623		neopla	16711680
