x	y	class	name	color
206.04310344827587	200.81034482758622		inflam	65280
191.48295454545453	219.20454545454547		necros	16776960
