x	y	class	name	color
172.65902578796562	9.744985673352435		necros	16776960
11.75925925925926	20.37037037037037		necros	16776960
47.21	46.33		necros	16776960
12.61003861003861	58.53281853281853		necros	16776960
96.15789473684211	63.343859649122805		necros	16776960
