x	y	class	name	color
11.992366412213741	99.13740458015268		neopla	16711680
