x	y	class	name	color
113.78645833333333	8.630208333333334		necros	16776960
114.02222222222223	65.68888888888888		necros	16776960
174.40816326530611	86.94897959183673		necros	16776960
201.8987341772152	87.9113924050633		necros	16776960
169.12337662337663	195.34415584415584		neopla	16711680
119.44827586206897	195.72413793103448		neopla	16711680
95.47191011235955	218.53932584269663		neopla	16711680
