x	y	class	name	color
31.32193732193732	57.034188034188034		necros	16776960
27.73018867924528	189.33301886792452		necros	16776960
131.95165745856355	196.3549723756906		necros	16776960
191.40867992766727	201.63110307414104		necros	16776960
174.93492407809111	197.2711496746204		necros	16776960
