x	y	class	name	color
102.90204520990312	134.7771797631862		necros	16776960
6.211267605633803	167.16498993963782		necros	16776960
123.87179487179488	175.23076923076923		necros	16776960
