x	y	class	name	color
71.6920731707317	22.96747967479675		necros	16776960
53.22077922077922	36.285714285714285		necros	16776960
193.34444444444443	97.2		neopla	16711680
67.34632034632034	120.17316017316017		neopla	16711680
