x	y	class	name	color
43.223350253807105	25.213197969543145		inflam	65280
196.25884955752213	37.006637168141594		necros	16776960
112.54782608695652	169.90869565217392		necros	16776960
176.69333333333333	171.16533333333334		necros	16776960
150.1969696969697	178.41414141414143		necros	16776960
