x	y	class	name	color
79.6457399103139	13.816143497757848		inflam	65280
98.28	35.08		necros	16776960
