x	y	class	name	color
23.14814814814815	146.4897119341564		necros	16776960
