x	y	class	name	color
52.82343499197432	89.96147672552166		necros	16776960
