x	y	class	name	color
83.98830409356725	6.5		necros	16776960
212.5066225165563	13.28476821192053		necros	16776960
112.55555555555556	10.854700854700855		necros	16776960
86.9090909090909	44.205278592375365		necros	16776960
8.484848484848484	57.803030303030305		necros	16776960
101.72093023255815	101.38372093023256		necros	16776960
177.77297297297298	176.4972972972973		inflam	65280
