x	y	class	name	color
95.6797385620915	34.48366013071895		necros	16776960
151.74944567627495	94.39246119733924		necros	16776960
36.06382978723404	91.93617021276596		necros	16776960
102.12280701754386	189.35526315789474		necros	16776960
130.60752688172042	213.88172043010752		necros	16776960
