x	y	class	name	color
67.37662337662337	16.20779220779221		neopla	16711680
