x	y	class	name	color
138.70149253731344	3.2238805970149254		neopla	16711680
147.3170731707317	152.17073170731706		inflam	65280
72.87817258883248	153.28934010152284		neopla	16711680
