x	y	class	name	color
188.12280701754386	168.96052631578948		neopla	16711680
