x	y	class	name	color
81.56395348837209	64.87790697674419		neopla	16711680
