x	y	class	name	color
166.42560553633217	40.69550173010381		necros	16776960
55.70945945945946	46.00675675675676		necros	16776960
59.63855421686747	83.11566265060242		necros	16776960
139.92307692307693	90.72692307692307		necros	16776960
102.2008547008547	113.11111111111111		inflam	65280
79.47654320987654	192.10123456790123		necros	16776960
