x	y	class	name	color
190.21	12.175		necros	16776960
132.14893617021278	17.078014184397162		neopla	16711680
