x	y	class	name	color
212.14814814814815	115.1604938271605		neopla	16711680
198.3217391304348	119.5304347826087		neopla	16711680
