x	y	class	name	color
199.7239819004525	8.615384615384615		necros	16776960
109.40718562874251	12.18562874251497		necros	16776960
8.709401709401709	10.726495726495727		necros	16776960
152.68852459016392	48.333333333333336		necros	16776960
179.99333333333334	163.00666666666666		necros	16776960
73.75	176.53804347826087		inflam	65280
190.84840425531914	180.44148936170214		necros	16776960
