x	y	class	name	color
191.8159645232816	34.86031042128603		necros	16776960
56.792307692307695	53.187179487179485		inflam	65280
160.77049180327867	80.62841530054645		inflam	65280
109.1875	145.62946428571428		inflam	65280
