x	y	class	name	color
38.89099526066351	7.127962085308057		necros	16776960
151.00647948164146	72.46436285097192		necros	16776960
99.17184643510055	127.17184643510055		necros	16776960
80.34763948497854	201.8648068669528		necros	16776960
