x	y	class	name	color
13.574468085106384	3.921985815602837		connec	255
134.14563106796118	2.3980582524271843		neopla	16711680
201.46491228070175	4.535087719298246		connec	255
214.56224899598394	6.903614457831325		connec	255
7.902027027027027	215.47297297297297		connec	255
31.14	220.68		connec	255
