x	y	class	name	color
126.6068376068376	4.042735042735043		necros	16776960
59.357142857142854	56.08441558441558		necros	16776960
185.8234501347709	80.52695417789758		necros	16776960
23.98807157057654	93.93836978131213		necros	16776960
173.51162790697674	131.35658914728683		inflam	65280
171.53488372093022	143.1782945736434		inflam	65280
