x	y	class	name	color
37.67605633802817	26.37323943661972		necros	16776960
180.31304347826088	36.65217391304348		inflam	65280
17.223809523809525	44.20952380952381		inflam	65280
159.91943127962085	43.11374407582939		inflam	65280
11.355450236966824	66.75355450236967		inflam	65280
