x	y	class	name	color
97.22543352601156	145.61271676300578		neopla	16711680
84.8051948051948	195.19480519480518		neopla	16711680
123.8360655737705	209.88524590163934		neopla	16711680
