x	y	class	name	color
187.7953216374269	7.456140350877193		neopla	16711680
