x	y	class	name	color
134.26666666666668	65.88888888888889		necros	16776960
137.32835820895522	80.26865671641791		necros	16776960
94.3457249070632	96.66914498141264		necros	16776960
94.53053435114504	116.77099236641222		necros	16776960
214.88198757763976	178.23913043478262		necros	16776960
