x	y	class	name	color
205.3148148148148	7.277777777777778		necros	16776960
