x	y	class	name	color
106.95927601809954	211.86877828054298		necros	16776960
