x	y	class	name	color
52.8458904109589	28.89041095890411		necros	16776960
168.911227154047	38.31070496083551		necros	16776960
28.880000000000003	64.26285714285714		necros	16776960
119.94303797468355	190.60759493670886		inflam	65280
