x	y	class	name	color
16.3	40.077777777777776		neopla	16711680
9.606060606060606	56.31818181818182		neopla	16711680
140.53846153846155	108.17692307692307		necros	16776960
150.93233082706766	216.54135338345864		necros	16776960
