x	y	class	name	color
210.97757847533632	211.62331838565024		necros	16776960
