x	y	class	name	color
201.22543352601156	145.61271676300578		neopla	16711680
119.80246913580247	163.30864197530863		necros	16776960
113.12987012987013	172.11688311688312		necros	16776960
38.622489959839356	204.98393574297188		necros	16776960
188.5679012345679	195.25925925925927		neopla	16711680
18.680555555555557	218.45833333333334		necros	16776960
