x	y	class	name	color
219.80239520958085	56.40119760479042		necros	16776960
57.73446327683616	106.06214689265536		necros	16776960
63.06949806949807	120.99227799227799		necros	16776960
