x	y	class	name	color
42.49180327868852	183.44262295081967		neopla	16711680
60.2	202.175		neopla	16711680
