x	y	class	name	color
119.24	51.98		necros	16776960
9.78391959798995	188.25460636515913		necros	16776960
213.14285714285714	193.05714285714285		neopla	16711680
81.95854922279793	214.68393782383419		necros	16776960
