x	y	class	name	color
139.81944444444446	4.125		neopla	16711680
158.56666666666666	7.322222222222222		neopla	16711680
212.57349665924275	47.690423162583514		necros	16776960
