x	y	class	name	color
185.5670731707317	64.83536585365854		neopla	16711680
