x	y	class	name	color
31.964824120603016	58.66834170854271		neopla	16711680
67.54444444444445	145.80833333333334		necros	16776960
214.12562814070353	179.71859296482413		necros	16776960
139.2	180.7173913043478		necros	16776960
12.282485875706215	186.3276836158192		necros	16776960
27.31117021276596	200.38297872340425		necros	16776960
164.46	210.936		necros	16776960
