x	y	class	name	color
184.34545454545454	27.963636363636365		neopla	16711680
124.78832116788321	101.27007299270073		neopla	16711680
