x	y	class	name	color
27.315508021390375	29.903743315508024		inflam	65280
200.34931506849315	76.1917808219178		necros	16776960
195.4144144144144	95.45495495495496		necros	16776960
77.6555023923445	105.0		necros	16776960
131.3673469387755	140.9795918367347		necros	16776960
217.14903846153845	209.09615384615384		necros	16776960
