x	y	class	name	color
210.5321100917431	80.94495412844037		neopla	16711680
54.602739726027394	201.6027397260274		neopla	16711680
60.47826086956522	217.1304347826087		neopla	16711680
