x	y	class	name	color
199.32142857142858	34.535714285714285		neopla	16711680
24.79194630872483	45.85906040268456		neopla	16711680
19.206521739130434	62.77173913043478		connec	255
9.738317757009346	85.51401869158879		neopla	16711680
67.53020134228188	129.71812080536913		neopla	16711680
50.969465648854964	218.68702290076337		connec	255
