x	y	class	name	color
38.544186046511626	186.2		necros	16776960
220.0	216.4731182795699		necros	16776960
