x	y	class	name	color
123.36301369863014	8.047945205479452		necros	16776960
86.62209302325581	10.197674418604652		necros	16776960
61.97333333333333	14.366666666666667		necros	16776960
216.32592592592593	72.68888888888888		necros	16776960
140.70539419087137	99.44398340248962		neopla	16711680
