x	y	class	name	color
174.25675675675674	107.74324324324324		neopla	16711680
76.14492753623189	186.42753623188406		neopla	16711680
