x	y	class	name	color
214.77514792899407	11.31360946745562		necros	16776960
212.91981132075472	23.79245283018868		necros	16776960
105.20325203252033	56.26829268292683		necros	16776960
