x	y	class	name	color
218.8409090909091	3.965909090909091		necros	16776960
125.70204081632653	92.6		necros	16776960
50.80487804878049	93.09756097560975		necros	16776960
168.68302658486706	200.89775051124744		necros	16776960
3.142857142857143	209.87218045112783		necros	16776960
