x	y	class	name	color
58.16410256410256	72.06666666666666		necros	16776960
9.479508196721312	126.44262295081967		necros	16776960
