x	y	class	name	color
217.7486338797814	38.9672131147541		necros	16776960
57.57692307692308	81.11538461538461		necros	16776960
116.9025787965616	111.16618911174785		necros	16776960
188.481981981982	122.6036036036036		inflam	65280
206.27927927927928	153.88288288288288		inflam	65280
7.323770491803279	216.02049180327867		neopla	16711680
