x	y	class	name	color
187.4	6.130769230769231		neopla	16711680
205.42105263157896	7.89766081871345		neopla	16711680
41.4	7.172727272727273		neopla	16711680
41.95348837209302	20.25581395348837		neopla	16711680
