x	y	class	name	color
218.69230769230768	41.833333333333336		connec	255
201.56223175965664	77.96995708154506		connec	255
215.88721804511277	112.78947368421052		connec	255
9.828985507246378	161.06666666666666		connec	255
31.558704453441294	186.72672064777328		connec	255
34.81794871794872	210.75384615384615		connec	255
