x	y	class	name	color
172.17021276595744	75.34042553191489		neopla	16711680
43.18877551020408	129.22448979591837		inflam	65280
196.24553571428572	141.08482142857142		necros	16776960
