x	y	class	name	color
167.0421052631579	4.031578947368421		necros	16776960
50.460076045627375	45.657794676806084		necros	16776960
123.24908424908425	106.04395604395604		necros	16776960
89.12244897959184	152.22448979591837		necros	16776960
45.28776978417266	154.4748201438849		necros	16776960
66.17438692098092	203.82561307901906		necros	16776960
