x	y	class	name	color
154.78378378378378	34.153153153153156		neopla	16711680
202.59174311926606	108.1651376146789		neopla	16711680
182.6769230769231	137.06666666666666		neopla	16711680
111.17592592592592	149.62962962962962		necros	16776960
153.86170212765958	218.35106382978722		neopla	16711680
