x	y	class	name	color
63.97826086956522	80.6159420289855		neopla	16711680
