x	y	class	name	color
147.37986270022884	176.883295194508		neopla	16711680
