x	y	class	name	color
110.07534246575342	211.54109589041096		neopla	16711680
107.41525423728814	219.96610169491527		neopla	16711680
