x	y	class	name	color
117.10138248847926	59.774193548387096		neopla	16711680
100.76165803108807	67.52849740932642		neopla	16711680
