x	y	class	name	color
122.08285714285714	125.60285714285715		neopla	16711680
75.69117647058823	139.86764705882354		neopla	16711680
