x	y	class	name	color
162.14720812182742	69.58883248730965		neopla	16711680
35.87037037037037	73.875		neopla	16711680
