x	y	class	name	color
33.48314606741573	51.52247191011236		neopla	16711680
18.17391304347826	80.46583850931677		neopla	16711680
36.892857142857146	135.53571428571428		inflam	65280
6.985074626865671	146.9402985074627		inflam	65280
37.33774834437086	162.25827814569536		inflam	65280
217.67080745341616	186.56521739130434		neopla	16711680
