x	y	class	name	color
117.95901639344262	38.04303278688525		necros	16776960
160.02272727272728	88.34375		necros	16776960
12.31360946745562	94.63905325443787		necros	16776960
7.842105263157895	114.61961722488039		necros	16776960
16.484496124031008	136.63178294573643		necros	16776960
39.22093023255814	138.36627906976744		necros	16776960
47.03914590747331	160.98576512455517		necros	16776960
8.78695652173913	176.93478260869566		necros	16776960
202.78076923076924	200.28076923076924		necros	16776960
