x	y	class	name	color
77.02919708029196	48.81021897810219		necros	16776960
122.87167070217917	59.88861985472155		necros	16776960
209.22857142857143	60.34857142857143		necros	16776960
188.29734219269102	90.77574750830564		necros	16776960
208.26984126984127	81.47619047619048		necros	16776960
139.77218225419665	103.568345323741		necros	16776960
123.99555555555555	153.35555555555555		necros	16776960
172.65583173996177	202.12237093690248		necros	16776960
