x	y	class	name	color
169.804	24.98		inflam	65280
107.74161073825503	35.77181208053691		necros	16776960
140.43127962085308	104.75829383886256		necros	16776960
37.601036269430054	123.75647668393782		necros	16776960
101.56387665198238	153.70484581497797		necros	16776960
137.71428571428572	152.74025974025975		inflam	65280
133.87654320987653	167.19753086419752		inflam	65280
177.1056511056511	176.58476658476658		necros	16776960
160.1142857142857	199.93061224489796		necros	16776960
