x	y	class	name	color
66.71980198019801	171.15544554455445		necros	16776960
162.6530612244898	193.6122448979592		necros	16776960
43.821951219512194	216.50243902439024		necros	16776960
125.98477157360406	215.12690355329948		necros	16776960
