x	y	class	name	color
16.372727272727275	5.759090909090909		neopla	16711680
26.962616822429908	86.6822429906542		neopla	16711680
