x	y	class	name	color
25.2291296625222	213.4404973357016		necros	16776960
115.46753246753246	215.06493506493507		neopla	16711680
