x	y	class	name	color
64.43450479233226	37.98402555910543		necros	16776960
22.264705882352942	33.90756302521008		necros	16776960
45.25915080527086	81.83601756954612		necros	16776960
