x	y	class	name	color
179.32876712328766	35.917808219178085		neopla	16711680
