x	y	class	name	color
209.85909090909092	98.39545454545454		inflam	65280
186.29889298892988	111.619926199262		inflam	65280
170.80104712041884	142.12565445026178		inflam	65280
148.075	157.6625		inflam	65280
123.34782608695652	163.77826086956523		inflam	65280
51.89385474860335	215.29608938547486		inflam	65280
