x	y	class	name	color
219.36075949367088	130.0		neopla	16711680
204.55755395683454	193.05395683453239		connec	255
