x	y	class	name	color
55.654970760233915	73.5906432748538		necros	16776960
110.33841463414635	105.57621951219512		necros	16776960
42.188583078491334	113.70234454638124		necros	16776960
8.352941176470589	143.95543672014261		necros	16776960
24.080882352941178	155.77941176470588		necros	16776960
