x	y	class	name	color
29.34426229508197	6.459016393442623		necros	16776960
43.550827423167846	17.94562647754137		necros	16776960
17.565625	28.740625		necros	16776960
178.61564059900167	164.3826955074875		necros	16776960
214.4361493123772	176.85461689587427		necros	16776960
157.272	203.4192		necros	16776960
202.565445026178	211.96858638743456		necros	16776960
