x	y	class	name	color
76.13846153846154	58.723076923076924		neopla	16711680
24.240000000000002	83.61333333333333		neopla	16711680
182.15121951219513	148.72682926829268		neopla	16711680
20.979166666666668	189.45833333333334		necros	16776960
12.657894736842106	206.22368421052633		necros	16776960
86.7008547008547	205.2136752136752		neopla	16711680
