x	y	class	name	color
103.3780487804878	67.71951219512195		necros	16776960
105.41975308641975	86.88477366255144		necros	16776960
175.84606986899564	106.22161572052401		necros	16776960
128.8998505231689	131.99551569506727		necros	16776960
205.9764705882353	125.4235294117647		necros	16776960
195.50948509485096	150.74525745257452		necros	16776960
146.81142857142856	198.90857142857143		necros	16776960
147.86222222222221	216.54666666666668		necros	16776960
