x	y	class	name	color
174.01477832512316	122.33497536945814		neopla	16711680
