x	y	class	name	color
192.4794520547945	80.3972602739726		necros	16776960
