x	y	class	name	color
67.93055555555556	23.61111111111111		necros	16776960
96.89454545454545	61.56363636363636		necros	16776960
118.69072164948453	67.2233676975945		necros	16776960
13.887179487179488	201.7846153846154		inflam	65280
174.16304347826087	219.56521739130434		necros	16776960
