x	y	class	name	color
156.84982935153585	28.924914675767916		necros	16776960
93.42574257425743	28.94059405940594		necros	16776960
132.88	64.26285714285714		necros	16776960
91.69369369369369	83.29729729729729		necros	16776960
54.53504672897196	131.56542056074767		necros	16776960
81.5440313111546	153.79843444227006		necros	16776960
67.19601328903654	173.531561461794		necros	16776960
54.370106761565836	207.48042704626334		necros	16776960
168.8181818181818	216.8181818181818		neopla	16711680
