x	y	class	name	color
99.0925925925926	172.12037037037038		necros	16776960
87.34	196.38		necros	16776960
