x	y	class	name	color
191.73348017621146	25.740088105726873		necros	16776960
50.97435897435898	86.94871794871796		necros	16776960
196.86416861826697	97.92740046838408		necros	16776960
39.464285714285715	111.75		necros	16776960
87.58181818181818	163.8181818181818		necros	16776960
176.52592592592592	156.43703703703704		necros	16776960
163.1626617375231	183.87985212569316		necros	16776960
