x	y	class	name	color
109.1875	41.629464285714285		inflam	65280
140.57664233576642	129.43941605839416		necros	16776960
49.995670995671	154.6147186147186		necros	16776960
94.23397435897436	169.0		necros	16776960
30.591280653950953	167.54768392370573		necros	16776960
60.247252747252745	179.6978021978022		necros	16776960
108.37931034482759	197.76436781609195		necros	16776960
111.2439024390244	216.29268292682926		necros	16776960
