x	y	class	name	color
154.7173913043478	9.094202898550725		neopla	16711680
108.56187290969899	33.77926421404682		neopla	16711680
135.66666666666666	107.66666666666667		neopla	16711680
112.74019607843137	114.12254901960785		neopla	16711680
13.204819277108435	173.80722891566265		necros	16776960
70.01642036124795	192.39244663382595		necros	16776960
111.51824817518248	212.84671532846716		neopla	16711680
