x	y	class	name	color
196.11394101876675	14.400804289544237		necros	16776960
220.30851063829786	24.085106382978722		necros	16776960
19.133466135458168	45.276892430278885		necros	16776960
41.480000000000004	85.1076923076923		necros	16776960
75.93333333333334	88.7		necros	16776960
205.66340782122904	100.88826815642459		necros	16776960
51.16379310344828	99.25862068965517		necros	16776960
214.47058823529412	134.40392156862745		neopla	16711680
