x	y	class	name	color
118.46724890829694	47.27947598253275		necros	16776960
142.35023041474653	48.626728110599075		necros	16776960
145.82608695652175	150.46376811594203		necros	16776960
