x	y	class	name	color
40.10035842293907	8.974910394265233		necros	16776960
100.6355140186916	38.82866043613707		necros	16776960
157.56796116504853	71.5873786407767		necros	16776960
144.23272727272726	76.0		necros	16776960
106.85285285285285	108.70270270270271		necros	16776960
65.10060975609755	132.9451219512195		necros	16776960
15.212389380530974	193.18584070796462		necros	16776960
142.86885245901638	195.09426229508196		necros	16776960
61.7696335078534	195.80104712041884		inflam	65280
